First Name,Last Name,Home Phone,Mobile Phone,Street Address,City,State,Zip,Date of Birth
Alex,Holmes,5558745248,5153164007,99 Winding Way Drive,Monroe Township,NJ,8831,1/1/1968
Eric,Singh,5559854456,5153164007,26 Mountainview St.,Stamford,CT,6902,5/5/1955
Koa,North,5554522153,,438 Peninsula Street,Nutley,NJ,7110,11/22/1975
Frank,Gardiner,5557857891,5153164007,922 Kingston Ave.,Winter Park,FL,32792,6/6/1945
,,,,,,,,
Terrence,Jacobs,5555785424,5555189234,9266 North Court,Richmond,NY,11418,8/34/1964
Maud,Cantu,5559575354,,436 Prospect Lane,Reading,MA,1867,8/19/2008
Cali,Penn,5557863454,5555189241,8519 Roehampton St.,Blacksburg,VA,24060,12/34/1979
Saqlain,Macfarlane,5557865423,5555189239,8199 Wentworth Lane,Hilliard,OH,43026,1/34/1957
Kenneth,Patton,5553541515,5153164007,271 Country Club Drive,Fernandina Beach,FL,32034,11/11/1941
Donald,Duncan,5559126156,5153164007,94 East Augusta St.,Glendale Heights,IL,60139,4/4/1936
Charlie,Hunt,5553622888,5153164007,318 Manchester St.,Dekalb,IL,60115,3/3/1969
Axel,Hatfield,5559741074,,90 East Country Ave.,Henrico,VA,23228,2/13/2001
Tyrell,Copeland,5557857451,5555189236,8 Harvard St.,Muskogee,OK,74403,10/34/1915
Jadine,Carson,5556354585,,7734 Cooper Street,Copperas,TX,76522,12/23/1992
Guy,Brewer,5559816541,,9437 Court St.,Westlake,OH,44145,10/21/2002
Huston,Francis,5559741898,5153164007,893 Devon St.,Frankfort,KY,40601,8/8/1983
Isaac,Rice,5556541655,5153164007,9661 Greenview Dr.,Johnston,RI,2919,9/9/1968
Teegan,Stafford,5554534215,5555189231,806 Wrangler Avenue,Ashtabula,OH,44004,5/34/1961
Mahek,Garza,5558745245,5555189233,49 Cactus Ave.,Norwalk,CT,6851,7/34/1963
Greg,Nelson,5557854651,5153164007,7590 Selby St.,Whitestone,NY,11357,7/7/1986
Arif,Herman,5559854215,5555189235,23 Ocean St.,Largo,FL,33771,9/34/1965
Mariam,Pace,5558711074,,439 Orchard Court,Apple,CA,92307,9/20/2004
Flora,Appleton,5557854154,5555189240,769 Chapel Dr.,Springs,FL,32714,11/34/1952
Isa,Crane,5557745541,5555189230,601 Silver Spear St.,Strongsville,OH,44136,4/34/1960
Hailie,Peel,5556541565,,48 Evergreen Ave.,Georgetown,SC,29440,3/14/2000
Leonard,Patel,5557863984,5153164007,485 Philmont Ave.,Conyers,GA,30012,12/12/1995
Shana,Rhodes,5559126111,,480 Saxon Road,Terre,IN,47802,4/15/2006
Liana,Wilkins,5553541564,,8722 Westport Court,Fresno,CA,93706,1/12/2000
Nayla,Summers,5554562578,5555189237,9528 Cypress Ave.,Anoka,MN,55303,2/34/1958
Pearce,Fowler,5556548475,5555189238,81 Cross Court,Mchenry,IL,60050,3/34/1959
Colette,Boyd,5552655558,,7810 Rockville Street,Athens,GA,30605,6/17/1946
Gabriella,Blankenship,5559536658,,58 Homestead St.,Levittown,NY,11756,7/18/2005
Dixie,Hail,5553622222,,15 Trout Street,Bardstown,KY,40004,5/16/1953
Justin,Kennedy,5559816565,5153164007,9514 New St.,Scotch Plains,NJ,7076,10/10/1972
Donna,Derrick,5555463452,5555189232,44 Cross Drive,Emporia,KS,66801,6/34/1962
Brad,Reed,5555785489,5153164007,2 Berkshire St.,Jupiter,FL,33458,2/2/1977
